ticker	market cap	industry	sector	current price	gross margin	net income margin	expenses portion	ROE	ROA	receivables turnover days	inventories turnover days	total assets turnover days	liability/asset ratio	current ratio	acid-test ratio	revenue growth	net income growth	operating income growth	free cash flow growth	wacc	roic	excess return	economic profit	dividend yield	dividend payout ratio	dcf
ISIG	8719245.0	Advertising & Marketing Services	Consumer Cyclical	0.7202	0.3290647229138	-0.04160707821278921	0.37538976447090294	-0.08122362390527611	-0.0527543660421337	127.13730703297844	7.46588002727534	346.7159784306692	0.32509640870981193	3.241609642198779	3.1873798278977246	-0.013097759244366024	-0.7699299819749615	-1.0438282053381658	0.08231041257429386	0.06972017357901802	-0.0792032454291764	-0.14892341900819442	-1974839.0903522023	0.09664239224894026	-3.197334565430844	-2.817488611037302
CELG-RQURE	2.68008755E9	Biotechnology	Healthcare	60.54	-1.3289127746065998	-8.23423139096015	9.176034980571782	-0.7060019904092616	-0.3314384517176011	47.27560885340564	0.21953577845679076	8483.747453713868	0.4752932039328181	9.454335414431483	9.450812429556533	0.22471555487010675	0.2330185191822732	0.1832873436457349	128.2260505112881	0.07886362997278269	-0.5660677436787369	-0.6449313736515196	-103308658.5950903	0.0	nan	-49.76759918325663
LEN	1.50004265E10	Homebuilding & Construction	Consumer Cyclical	49.46	0.7930647369682001	0.07933374413945106	0.0323412256138965	0.12470555640886336	0.05338935191911394	4.679746553024574	inf	488.46724710707684	0.569590144709242	26.793978957069875	2.8242810863616143	0.29319592964540553	0.3411082837833686	0.3130948842262095	-0.13624519219332631	0.08530980160227962	0.09113346500210656	0.0058236633998269395	49014845.006312035	0.0035301270455251202	0.041353527346519835	38.113399110239044
RIGL	2.8825472E8	Drug Manufacturers	Healthcare	1.71	0.9956541054728	-5.056405624405503	6.092272131814795	-0.8960861344537687	-0.5782468154189562	19.96137444320541	510.65496381075445	2663.4561189426804	0.3205219572745419	4.1159264359280465	4.104827513723622	2.1372109666755055	-0.021870962849380216	-0.016003592040912618	0.2087777687225266	0.13498449448409383	-0.8072446877747861	-0.9422291822588799	-79158275.05515635	0.0	nan	-2500.3006124081226
FUNC	1.0032336E8	Banks	Financial Services	14.4	0.9475681954232	0.2431335280679864	0.5556237612250335	0.08311687385927055	0.007215621319122789	36.61311363613139	0.0	11909.17420998893	0.9139532356676152	4.560667838677547	4.560667838677547	0.05548864218448135	0.3720964473319639	0.37804755380337507	1.1126788888017851	0.04419106266005977	0.03424787361300916	-0.009943189047050601	-2785167.0979621685	2.0121088147579265	0.226744944299261	107.9249048180644
FXS	20744000.00			94.4897	nan	nan	nan	nan	nan	nan	nan	nan	0.0008991476685616996	1663.349836628034	1663.349836628034	nan	nan	1.19253991104667	-3.475070438742845	nan	nan	nan	nan	0.000292374771723075	nan	nan
STI	3.1140524E10	Banks	Financial Services	70.13	1.0	0.3998001723509327	0.04449313959797693	0.08875213609935124	0.010505583758939339	0.0	nan	13338.655530429596	0.8812500232820032	103.70067256899661	103.70067256899661	0.04386051961893882	0.1624597780093287	0.18183651342808319	-2.593335012473274	0.11022499663434189	0.05403005694121512	-0.056194939693126764	-2176365165.0470576	0.024408076051462238	0.29301844394201304	46.43665793881859
KR	2.48614257E10	Retail - Defensive	Consumer Defensive	31.96	0.22064050710939997	0.01809404922083954	0.0	0.2912420624454093	0.05675388848213676	0.0	30.807738226348494	110.4134414048342	0.8064060353565191	0.7742274665708205	0.1951135329375455	0.02465669668460897	0.055686564326392074	-0.03550952655265107	0.16386600673153523	0.05359953765811813	0.1055656055004793	0.05196606784236117	1064211560.4489574	0.016227218415254475	0.21435946225138486	51.313878338404955
RCII	1.05159066E9	Consulting & Outsourcing	Industrials	19.04	0.6370640154475999	-0.04583745055941017	0.6844748587472124	-0.36137562538661083	-0.07627496771411721	9.115476215806037	1.483036381079149	217.48881216263808	0.782217810521568	0.8226947628679717	0.802131961605306	-0.03159147861591325	1.5566202729783822	-1.1129759090781302	0.03935557451561138	0.054144082879720834	-0.14995025524404548	-0.20409433812376637	-183686245.91470042	0.025660683166694398	0.340559530608253	-337.6856252731351
GME	3.9072112E8	Retail - Apparel & Specialty	Consumer Cyclical	6.05	0.31360191541279997	0.009773857142424208	0.2372541717659001	0.010473998702498526	0.01939055830525815	0.0	71.74975282838257	180.76173883153825	0.5620722684624354	1.2625747142064307	0.6086207594703479	-0.015047782811309163	-4.257041096113345	-1.3893983699988133	-0.12776728028811155	0.05266985530871325	0.028478850142483268	-0.024191005166229993	-34667348.050074264	0.07056764328610912	1.0880212857572653	57.4288285697002
GNRC	5.8369224E9	Computer Hardware	Technology	93.29	0.3546719654482	0.09095657890100063	0.19998460060146067	0.251076480880563	0.07361402045347973	54.017101990915776	132.0630245333817	432.4823743815483	0.7093852258528295	2.322055893607333	1.212338866230541	0.09106580800022264	0.1763711077512778	0.08864044434218661	0.05516900000646805	0.09806426767561915	0.10184920067186824	0.00378493299624911	9032564.164306438	0.00016290792997427473	0.0043376631685853205	88.67555399003066
MBT	7.3597261E9	Communication Services	Communication Services	8.25	0.62248	0.09859477605325329	0.4015709354571393	0.30651220465907897	0.07191100704695105	36.93239246784627	27.919287778605224	534.0329985124982	0.7739617147023077	0.9149441887892342	0.8379354298259516	-0.0778890745104001	-0.2751196135691522	-0.0897722024919552	-0.07300702424031962	0.05282705145302484	0.0923208122311637	0.039493760778138876	292615491.89186066	4.990662957956308	2.264284475216486	3752.1791369057973
CRAI	3.16086976E8	Business Services	Industrials	40.58	0.3040080071924	0.03706523216666632	0.22231396989287497	0.070919157774629	0.036972354877499794	74.72835398255063	0.0	343.2833262626248	0.44242822909600427	1.4592609807820307	1.4592609807820307	0.08189700452720602	0.34174879720535206	0.14500429391125358	2.3163974536265104	0.10096182359334353	0.05747377024762301	-0.043488053345720507	-10300685.234648217	0.0039817982875628	0.08658052265057564	66.07514442026472
FBSS	5.5744436E7	Banks	Financial Services	14.69	1.0	1.6699218253342891	3.3216392381793973	0.060829723859944576	0.005315337753837782	194.19709636033934	nan	69201.65764368734	0.9126267644583719	inf	inf	-0.18620326829690545	-1.3763306256269605	-1.67742039702891	-2.9281044188275893	0.05878770958423659	0.04775704483687214	-0.011030664747364463	-672574.7995171591	0.027208691682867325	-0.29239991525589526	-4.806773531199829
RAMP	2.47421363E9	Information Technology Services	Technology	36.73	0.4320295149494	0.7256869248640875	0.5632642078255431	0.1607335804499239	0.14370829245344782	80.14380296577748	0.0	721.4411923244969	0.34774637768090333	3.9003688107532453	3.9003688107532453	-0.1696403679629434	8.656302308809241	-0.521053066189816	-0.19474465571801375	0.16729283751055163	0.15950071158759968	-0.16113198192965517	-155062934.29150614	nan	0.0	47.41623018051412
PSEC	1.50069734E9	Asset Management	Financial Services	4.08	0.7162200000000001	0.3180403379850823	0.043018203417039325	0.06614143621245407	0.03695210440789001	0.3361092516975674	0.0	3052.2287447506137	0.4414497808767641	1.007654084332822	1.007654084332822	0.0010230487272613331	0.09967752188902095	-0.0038264037487300675	3.1909780290409873	0.07009852341901215	0.03453130840978439	-0.03556721500922777	-208598024.58257002	0.12020497446506635	1.6647085753042201	31.06683117014412
COO	1.49490442E10	Medical Instruments & Equipment	Healthcare	280.31	0.6274168757663999	0.13159607124940154	0.4544378310107078	0.09321928192101492	0.05616808470288	53.49452987577964	197.02535302668656	814.2079000577714	0.4051609617508179	1.7416609111671348	0.9431271249236414	0.0919765398302547	0.4345103281695578	0.15224764628095552	0.26135685658961955	0.08212500148160332	0.06322571227547777	-0.018899289206125543	-90157893.30265415	0.00028254248813473494	0.01197016637995489	251.3637565173158
OBE	1.1924543E7	Oil & Gas - E&P	Energy	0.163	0.51346	-1.0262847219702118	1.5915062739790904	-0.3447598285652041	-0.19480530951205274	68.85746154197048	0.0	2502.010912300878	0.3680061687856594	0.5948242573172715	0.5948242573172715	-0.32393819178557737	0.413256300634946	0.45235856405938596	-0.32883888679882756	0.20840143313542264	-0.23794083679215353	-0.4463422699275762	-1469995612.727095	0.05452043116088594	-0.07678052948434735	5.277733856229898
SAIA	2.38088243E9	Transportation & Logistics	Industrials	91.35	0.44146829473463994	0.05554183725345609	0.6242541931957483	0.1349648726296253	0.08051561603789797	38.90037361087564	0.0	227.6423265288971	0.40359682801805663	1.0946670332818917	1.0946670332818917	0.07380235533310928	0.21282486087513647	0.139531307774417	1.101811506866901	0.10327926658973745	0.11441881155860349	0.01113954496886605	9317512.924945239	0.0	0.0	17.33615625439524
MNK	2.80410976E8	Drug Manufacturers	Healthcare	3.33	0.5038568511504	-0.07869851054034599	0.46456423909101086	-0.2368406908148021	-0.04089005947104164	57.45044538230697	74.4960018251271	1524.586631156305	0.6904378217599269	1.477893329027023	1.193011083073263	-0.011067269385210876	-0.023078444976927504	-2.0761654436164014	0.0012677017190243056	0.1381549220817708	-0.052447786512573466	-0.19060270859434428	-1814614824.381457	0.0	0.0	-6.003679894865207
KFFB	5.2382476E7	Banks	Financial Services	6.34	1.0	0.1323470713691284	0.5365807197438464	0.02029757385168355	0.004476543233227529	26.197313348907045	nan	10763.545926489303	0.7824790578527183	120.61981649804173	120.61981649804173	-0.03885443627319059	-0.14267159786677422	-0.18040274572043394	0.6871591904470546	0.036418752699179234	0.012420304523811529	-0.023998448175367705	-2910037.280301947	0.02045862223375778	1.200054280418685	8.997868093323865
SKYW	1.3680064E9	Airlines	Industrials	27.22	0.8294430326547999	0.039942069647940386	0.4724871760506618	0.06571437086787553	0.022117801257666346	0.0	inf	562.1637760875522	0.6946580282165081	1.3916095498520913	1.2255811520787163	-0.004354984283916519	-2.7319211977794056	0.5675277271711854	-30.098391072594886	0.08579616660952283	0.027247370813497585	-0.058548795796025246	-221433673.76467007	0.007621851579816064	-0.044205285000590844	153.56089783416147
WRN	7.0566688E7	Metals & Mining	Basic Materials	0.639	0.0	-inf	inf	-0.05054526670647921	-0.049741936246569265	nan	nan	inf	0.016412209995901057	10.124788671786934	10.124788671786934	nan	0.11698255395270585	-0.042006356993712954	-0.21543936082729515	nan	-0.05054526670647921	nan	nan	0.0	nan	nan
SPH	8.9071027E8	Utilities - Regulated	Utilities	14.35	0.596280231127	0.04327691765559064	0.10228419587869045	0.09998260662005393	0.025698197224905867	19.16005574198948	39.65996860923393	652.8731512949109	0.7256703827171758	0.7945357643598547	0.558714384319072	-0.06408696518201942	0.3212036579696543	0.006509660740844869	0.08023265257050363	0.07541038804853775	0.030283900557999205	-0.04512648749053854	-85614049.5644958	0.1446654448924075	6.2687821441221505	47.29450914671705
ARCH	4.061272E8	Coal	Basic Materials	26.82	-238.0874141586618	-113.46992789061846	403.8420751922419	0.7015610441167863	-0.03183604620373352	7660.74880596456	inf	164660.19775006708	0.7682857252995504	2.0917474164453336	1.77441601169797	210.45297805247475	inf	inf	inf	0.05002664774932133	0.008730558112105857	-0.03911345010918901	-631361413.3879458	0.0214083598050309	0.11049666793167955	-1.719724028171178e+17
RCL	8.5257001E9	Travel & Leisure	Consumer Cyclical	40.77	0.49446408094660005	0.16926161273018187	0.21923203965621413	0.13853265833063758	0.05791747519995405	0.0	13.940915996074295	991.0011744131647	0.5847286243753622	0.1720543121824814	0.1482182446013653	-0.0012078287737000704	0.24341115927410462	0.19671573534224637	17.94452153457818	0.11169374572546012	0.07407027976839056	-0.03762346595706954	-701025300.270989	0.019233319103598538	0.31441238612408806	29.218043919877566
LTRPA	2.50395792E8	Online Media	Technology	2.11	0.9902182091798	-0.06421224448849351	0.5894834558087472	-0.23493523277318876	-0.01804622000659301	7.983766513615069	inf	1585.4228756070345	0.9031305312310425	2.3127266081525457	2.306650658785457	0.09905202865030269	-3.8615027751425735	-17.0461100962124	0.13689423354382385	0.14106336918445433	-0.0908709635791456	-0.23193433276359995	-271464600.3844884	0.0	0.0	44.05235015439286
EHC	6.3962025E9	Health Care Providers	Healthcare	64.98	0.9267623228682	0.0674860765341987	0.7925419437998551	0.26940946684715483	0.05209652337331899	40.64789765532692	0.0	438.7017338452415	0.7999056882101625	1.233989386951155	1.233989386951155	0.14205989126718538	0.11596057695228142	0.08088467913739898	0.033522941365052496	0.06586820121463709	0.06818301079446935	0.002314809579832257	10059081.773828646	0.01925938202705872	0.3529940160523662	200.90436362003788
WPRT	1.29643648E8	Autos	Consumer Cyclical	0.9521	0.221	-0.5673458796384443	0.9379872274149286	-0.7677940088631366	-0.26949852449890005	118.9553226777552	124.93805312860941	707.8679389664628	0.6389017677734593	1.6456678946085865	1.2210406470662762	0.15125464647144576	0.14206516857325127	-0.2553027118165039	-0.20316447554288164	0.21331929807764283	-0.442222081612573	-0.6555413796902159	-113909574.49760786	0.0	nan	-20.283494980391286
LTC	1.31693376E9	REITs	Real Estate	33.58	1.0	0.6233641535774158	0.10724245435690646	0.12799767030598705	0.07121068361883093	19.122162977342747	nan	2976.691829368075	0.44169717815477194	inf	inf	0.10161738683164874	0.2467225925241922	0.2475674212360357	0.06118491583739734	0.0392974775340459	0.10419502868864054	0.06489755115459464	58706826.56935845	0.049966874132984875	0.9356844586622076	310.5839936080917
SCS	1.21071808E9	Industrial Products	Industrials	10.55	0.32443205794679997	0.042675574167059534	0.26464643105288116	0.16938946672145233	0.06875088068212662	37.37830005604546	30.496094985377198	212.2655912015701	0.5904909278525363	1.579358670114423	1.2555177471706827	0.04140940585094022	0.3007028285759138	0.14150315659425267	-0.683145168420172	0.11980137836529536	0.1164310395573676	-0.0033703388079277504	-3510615.936310731	0.03840298084973516	0.48328567171221426	15.368405347137232
HOV	7.173024E7	Homebuilding & Construction	Consumer Cyclical	11.7	0.6694394451443999	-0.032525350334681465	0.1221910726752907	0.1890233219271952	-0.04035871106975403	0.0	inf	333.8996582592083	1.1757921581196118	6.841590190621976	0.6563427637916464	0.007628895229508115	20.726374303397115	-5.962642354048679	-0.09597833318319111	-0.22941900805540275	0.05581843490999483	0.28523744296539755	-221986084.66629285	0.0	0.0	-834.6288407145748
GIX-WSTSLA	1.29315693E11	Autos	Consumer Cyclical	701.32	0.199922465321	-0.1126819926457715	0.2863503043106599	-0.3498971959094753	-0.05319729312588793	16.067452036202656	88.399011715126	624.0939964916294	0.829883603417434	0.9775073344062685	0.627896445155819	0.529061171745313	0.613727179470317	0.5262166966055938	-73.39729808067365	0.05815214236621598	-0.11721409118226393	-0.1753662335484799	-1715668659.8057485	0.0	nan	-3269.765794679785
SYNA	2.14062106E9	Application Software	Technology	63.07	0.31451622408	-0.021108819217029347	0.3209247791814249	-0.04606192951729302	-0.018300833847748055	58.09154666962377	48.12625254955837	304.6409054754346	0.48257052060700867	2.6942107134464797	2.182550464662186	-0.02348525805172963	-0.6019663764654111	-0.5333648311518384	0.17767618033479274	0.10104712234772432	-0.021927752724105097	-0.12297487507182943	-137789847.82714882	0.0	0.0	3.431423724443652
BMCH	1.34544205E9	Building Materials	Basic Materials	20.16	0.24291990963619997	0.01735652627194002	0.21208557687394908	0.07267715875374613	0.038239909971888184	36.280259948432686	43.4318423897857	165.3359668058358	0.4956460380622456	2.3944680345837943	1.4647741217108745	0.26916909825411345	-1.3987215867410914	1.2626044720489145	0.08319805960185578	0.11225011268278481	0.05144287988295302	-0.0608072327998318	-66968420.18628564	0.0	0.0	66.26744204583889
AVGO	1.03825727E11	Semiconductors	Technology	259.7	0.5038080056492	0.17435202653479756	0.35538393271203245	0.16972938574583535	0.08210239194527869	48.77724757182679	49.13195382103252	846.7308983839788	0.5572884782003298	3.4526703200412	3.0321269663044403	0.42735128297889435	1.0807044963009667	-0.9050906100202469	0.7156569124379821	0.08660432735795726	0.0948953909326508	0.00829106357469354	130206236.38953812	0.021553301965517836	0.5430290715452631	1109.9373925831917
MAG	9.876953E8	Metals & Mining	Basic Materials	11.49	0.0	-inf	inf	-0.11617306777592125	-0.11422654881614047	inf	nan	inf	0.01953007048939759	49.18676099929728	49.18676099929728	nan	0.18404312506912657	0.5328394124037088	-0.0823911012500141	nan	-0.11617306777592125	nan	nan	0.0	nan	nan
OLP	3.21022944E8	REITs	Real Estate	15.93	-50.0016658775	213.66516893558546	309.3232490946231	0.08016537077899985	0.032256179372435315	0.0	0.0	2078922.5439030179	0.5986195783145953	1.2471740627742522	1.2471740627742522	39.67985867553233	0.03996553359238779	0.0668010258468186	0.10978921547507003	0.10765063430909341	0.07237243201995464	-0.03527820228913877	-11036810.048760874	0.07036830276190928	1.289878538507209	1322963014051.9863
MYE	4.21193024E8	Autos	Consumer Cyclical	11.79	0.30555452214900003	0.010923962900033137	0.16381556456958077	0.0424009064617373	0.015120171448766428	49.36168166111207	46.09668058290117	251.35252744929284	0.6700126966007324	1.7475496130328636	1.245807043190148	-0.03630627118776018	-4.6538768354463365	0.9143785689427982	0.3075021913395446	0.1510107631949327	0.022458991515390013	-0.12855177167954265	-33568220.49404292	0.032971983441579616	2.0185819067046045	0.3969516010361086
SANW	6.245426E7	Consumer Packaged Goods	Consumer Defensive	1.87	0.24225569055159996	-0.07010627072157444	0.25696030718724455	-0.07990930991839754	-0.044361797283937424	98.3915460293814	223.30513364571675	534.2660039067964	0.4486170182258838	1.6841071238375473	0.6303783499552783	0.22113366775522875	-8.71868777925776	-0.027770901446120176	-1.4873999657669366	0.034492962054059405	-0.06775257323009806	-0.10224553528415747	-8669727.228592549	0.0	0.0	-154.33182261649455
MCY	2.19659366E9	Insurance - Property & Casualty	Financial Services	39.68	0.2839669431086	0.0294363299838861	0.1964535756475549	0.05123584224309748	0.019474420837210217	50.403611528364415	0.0	532.4626081406786	0.6379978522465959	0.7744034315636185	0.7744034315636185	0.03743297048392489	-0.014007519062572093	0.13462370845423566	0.1618975686229636	0.02278504320177987	0.0407323992088775	0.017947356007097633	42471404.85522665	0.04464463771653953	-3.7505834447215998	9072.22327061683
DOOO	2.36473318E9	Recreational Vehicles	Consumer Cyclical	27.36	0.23685	0.04847223380124756	0.14939648564195449	-0.7606862470507068	0.08241322448536284	25.603223899440273	79.16377733980964	198.54024722283336	1.108099006414907	0.910418422454008	0.3710374532864805	0.11478875835259506	-0.10058506066294504	0.18439651809778934	-0.24681625787828065	0.12229635995885083	0.24536755350177303	0.12307119354292222	91641110.48391101	0.010417355947417418	0.1307043294985813	49.35079751464144
CFFI	1.25878768E8	Banks	Financial Services	34.5	-0.2092979648318	0.1729557613750393	0.531712764216193	0.09433715572235418	0.009152951269341323	32.51404392238728	0.0	6555.922089108501	0.9035272441030239	15.009617650626609	15.009617650626609	0.006403279502305037	0.27316766544036714	0.07355839138506096	-0.05710178928917942	0.0995489877973212	0.08577943715392752	-0.01376955064339368	-2188006.364911054	0.027212287114171042	0.3828001268086373	79.64179503693718
UNF	3.1346729E9	Manufacturing - Apparel & Furniture	Consumer Cyclical	165.94	0.3804569947222	0.08204660482778403	0.20401117244481276	0.09219978323423872	0.07390438822274803	0.0	30.802665727169956	382.9317598639789	0.19854892136733177	4.407062871633366	3.9301978492237004	0.053738226467151005	0.20631454466214832	0.102947950597544	0.10978209297082389	0.07189717094078016	0.09217749504363262	0.02388300323063787	30903486.234054375	0.0015322521228943579	0.03184635572924228	191.99060165355064
XHR	1.04333517E9	REITs	Real Estate	9.2	0.1351190063832	inf	inf	0.0606670989518284	0.03387084131195649	inf	0.0	inf	0.4457859405129533	1.605846615584643	1.605846615584643	inf	0.034472631440769376	0.04416334674678148	0.06524597502214864	0.07906581422445594	0.03568827853634661	-0.04337753568810933	-127729122.94413583	0.05082446401415125	1.2404566740063347	inf
BHC	6.0089687E9	Drug Manufacturers—Specialty & Generic	Healthcare	17.16	0.7326462957484	-0.07716424668880266	0.5002086609798203	-0.3496796614330858	-0.018037241144038915	47.4977302418831	157.2343334487229	1459.045979017369	0.8730381996253609	1.2377258428095366	0.9641951522060983	0.09696796817725908	-0.16777910291308062	-6.631083566493859	0.17021386556838808	0.04954323407206227	-0.022612702798674306	-0.07215593687073658	-2145549461.3308034	nan	0.0	98.75950943239246
PIR	1.438183E7	Retail - Apparel & Specialty	Consumer Cyclical	3.56	0.36240899732020004	-0.00877288674633751	0.3270447669906214	-0.34275603833364915	-0.024243215638136886	4.904391844896354	128.21876810997634	162.32682580078838	0.6879311934894897	2.1564052262155067	0.6694458331824339	-0.0238738923439342	-3.9460187818778607	-1.8495504768303028	-4.420756468892399	0.36494364849509303	-0.05694951871288867	-0.4218931672079817	-180597013.5972219	0.0021026321597725525	0.8873559860699973	-0.590650098084679
GCBC	1.80995104E8	Banks	Financial Services	21.26	1.0	0.3734112626232773	0.39580073254232995	0.1334759849180045	0.01154469479799251	46.82571090470977	nan	10831.290989168247	0.9133595784704372	inf	inf	0.13349876550029807	0.2195138425267981	0.18628467146855893	0.1518164183764284	0.047600569113854525	0.10958029535164063	0.061979726237786116	6748205.415696515	0.01322797090572717	0.1702004789837079	176.88868421112468
CETV	1.01973504E9	Entertainment	Consumer Cyclical	4.01	0.39335815517780004	0.0019845693584403636	0.19157237143584863	-1.4752171001265828	0.0020299529630072198	100.23370629949875	0.0	834.5628492174822	0.9276125224785867	2.364643348533051	2.364643348533051	0.0111883968304908	0.14446052823235056	0.44732787539045116	2.7501394649571838	0.11069297153123447	0.0020876518759557427	-0.10860531965527871	-102269993.6731505	0.0	0.0	0.03209963403682364
RNR	6.2165591E9	Insurance - Specialty	Financial Services	140.92	0.4946489381672	0.15155071763802042	0.088761681812224	0.06285832600789425	0.020804691666835462	192.32795133897048	0.0	2386.766954216104	0.6822701251095392	2.9617694184908667	2.9617694184908667	0.3143509227785101	-0.23905526932616414	-0.12882607593091117	0.38081224563916855	0.032695682795606355	0.05193731059146935	0.019241627795863005	132471790.96058092	0.009536169991241232	0.06168319409906849	7123.351308889331
GHM	1.19681712E8	Industrial Products	Industrials	12.1	0.2542260503194	0.02030440287289407	0.21389572964702616	0.025626862124486012	0.020120342227232975	56.409508732102346	67.53568692748236	561.6499787055195	0.2749969452931446	3.273602379636702	2.894243465313237	0.007394880328579978	-0.848138808482318	-0.8249461157016714	3.0378602544845466	0.07773672158436207	0.0255789387632434	-0.05215778282111866	-5298660.987826529	0.015422207433048637	-2.287006352150003	-9.425681099885187
INTU	6.8021494E10	Application Software	Technology	261.13	0.9771249218613999	0.1831514709291765	0.5794678304826391	0.5293290528435642	0.2048402040436721	7.219614812201097	0.0	328.8028369724199	0.5746544980178236	1.1753936802602811	1.1753936802602811	0.08849490388342034	0.3218655819734862	0.13587086083190808	0.14774136136471255	0.10413489411501833	0.3816717502577904	0.27753685614277207	725361795.6640096	0.009243871334536479	0.42431299409941065	149.32854256053633
QEP	2.22831648E8	Oil & Gas - Integrated	Energy	0.9201	0.175034708691098	-inf	inf	-0.14533605609621497	-0.06725274595947903	inf	inf	inf	0.5198089784916983	0.9566839645506807	0.8823336726738361	inf	-0.14673143393602306	-2.5832408563255624	-0.4549988009669418	0.0756298421556125	-0.08350984125004561	-0.15913968340565812	-851321705.9899454	0.0036932759817548755	-0.06434714534740538	-inf
WVFC	2.6266634E7	Banks	Financial Services	13.57	1.0	0.28008845206243616	0.5794703344158237	0.0543258504452818	0.005314983167830017	0.0	nan	16954.77745960272	0.9024836156067877	0.025131244130629116	0.025131244130629116	inf	inf	inf	inf	0.040579823926265225	0.03079406678001245	-0.009785757146252773	-442718.57703391416	0.018822179069844187	0.30242450698802525	inf
PKG	8.9870377E9	Packaging & Containers	Consumer Cyclical	94.75	0.18396867590600002	0.09668617428735109	0.08230813868603377	0.26618456625249076	0.09857141138467448	inf	inf	inf	0.6280024788205568	2.871453612735469	1.7922284782534907	inf	inf	inf	inf	0.1343837656794789	0.12693188138269	-0.007451884296788912	-34326292.06061744	0.026608021626902838	0.40705454711687616	inf
CELG	7.7035921E10	Biotechnology	Healthcare	108.24	0.9519908055752	0.22054344653426342	0.6259074951433894	0.3923216409099426	0.09146201101100611	50.15742365655111	364.8716635245733	800.4132000192908	0.7533375535149109	4.053196440066381	3.878481325893316	0.1868441796147259	0.25501906887189796	0.2562761990044548	0.22013203527779074	0.12264452023372611	0.1213358563749231	-0.0013086638588030164	4394997.644713586	0.0	0.0	136.24568080433428
ORN	6.6180936E7	Engineering & Construction	Industrials	2.26	0.09008389811444001	-0.04233617608370202	0.10732766534927048	-0.15107780485865802	-0.06796865330627593	4.635978948309384	2.9235496755049377	259.39940901261684	0.5339377191771769	1.57366455840645	1.5451341314926883	0.14189543827241607	-48.36632651348633	-14.263281283018838	-0.6847364573295349	0.09775631880579298	-0.09741882603245348	-0.19517514483824647	-49016893.121582456	0.0	0.0	-274.81241948238835
SU	2.60412232E10	Oil & Gas - Integrated	Energy	17.17	0.58712	0.04779404767440568	0.47798170343560253	0.03931196136216567	0.019922175665918744	40.013220644321464	92.75337661822638	929.5437929222624	0.4945534123386923	1.266129691629686	0.88285455758481	-0.025443031009388474	1.2656664268881388	1.8589090026635138	-2.1650862042730648	0.13313862561793374	0.029242710089780837	-0.10389591552815296	-4559237734.516525	0.03838180998137634	1.047159060296307	2.6187007968365634
HOPE	1.16212096E9	Banks	Financial Services	9.35	1.0	0.339148845337779	0.34223689599872353	0.08311862476051388	0.010648187698499016	972.5077902497687	nan	10616.010352647016	0.8706665459036171	29.460149437556225	29.460149437556225	0.1299283870362864	0.1523429545072406	0.10504443791636242	0.0981512869863842	0.14615586686687776	0.059761432085012424	-0.08639443478186534	-212154024.3501072	0.028865608850662465	0.4026890565450579	17.943881810735828
MARK	3.101798E7	Online Media	Technology	0.54	0.8260326385543999	-2.8871696520270262	3.5297602991136925	1.8086368766801566	-0.5814044993497538	13.374896357029348	0.0	1093.4157525421701	1.1034677747751165	0.4552735312066349	0.4552735312066349	2.0237882922730117	0.7839792096803061	0.6300862981971334	0.5404396315369526	0.1754483225791165	-0.4664430018619929	-0.6418913244411094	-43929293.1376283	0.0	nan	-2740.635389509138
SALM	2.1883056E7	Entertainment	Consumer Cyclical	0.8201	0.9999690239572001	0.009188966484262227	0.5170262223125379	0.008003822033753577	0.004231457670761602	48.545598004494835	inf	779.2644711516521	0.6292392874945144	1.0876526914369797	1.0714144707667614	-0.009342504107436044	1.8403391725189575	-0.39025570050143454	-0.10121586138995661	0.17714790351155074	0.0037266443090545943	-0.17342125920249613	-81529868.52198663	0.07631279594536788	-0.14407358919114127	0.09746322816311453
STON	5.101764E7	Personal Services	Consumer Cyclical	0.54	0.26092328806558	-0.22861850901724562	0.34660042315663486	2.285327985227808	-0.04109801180701263	78.2849070066994	0.0	1933.2583671536172	0.9595331429402348	2.4928384669969206	2.4928384669969206	0.003481996112586616	0.7982385168348415	-2.612641998233509	-1.9072425451993815	0.10084755157907295	-0.21883338414370757	-0.3196809357227805	-108874921.40228844	0.1082747732612307	-2.0870496571878543	1.4772826616788841
DEI	5.1595325E9	REITs	Real Estate	29.42	0.8789787113145999	0.16863124032134352	0.5740369426134979	0.05918760110566572	0.017036662891905027	1.3453024195478385	0.0	3364.309350732024	0.7110678281552998	1.0872889202767122	1.0872889202767122	0.09402015025086623	0.6478695722260724	0.07887421942717177	0.13936864022980494	0.0538590387046335	0.021179741563589188	-0.03267929714104431	-203739535.1167739	0.025414679920670306	1.460974731379055	154.61782302016218
BRT	1.56654E8	REITs	Real Estate	9.67	0.5136699784251999	0.16579762749723026	1.1069622994744241	0.10178924876421017	0.0176714746479388	1.4491996489321686	0.0	3269.364442175565	0.8166537837479207	1.198163718553603	1.198163718553603	0.12766028605888596	-2.933466513196288	-0.2559866728158634	-1.032764129144858	0.004233623969444251	0.020072784194342375	0.015839160224898126	15164615.414988447	0.03290512609317321	0.5194406211775912	137.5023128915469
IHC	4.10448256E8	Insurance - Life	Financial Services	27.76	0.5318112739176001	0.13962526871645103	0.4374945358132301	0.11257890834448445	0.04265802486414683	39.3095111102331	0.0	1077.76236829668	0.6124060499870768	2.5866245064743283	2.5866245064743283	-0.045173770819141666	0.48182608677239536	0.12325394570485819	-1.8829554924528735	0.02016311334829101	0.11033837966593359	0.16175392452931447	68466142.06984285	0.005784357435260456	0.1314520139770466	65.57544165324138
CECO	1.29423846E9	Education	Consumer Defensive	18.39	0.7140063738778	-0.03283975727174434	0.9733433870022168	-0.09775743434996051	-0.04322500330831355	13.69912352792259	4.553535704331992	292.14247610754114	0.3965170206471142	1.900922914082928	1.8884053626071335	-0.1006549391622172	-0.918518395744916	-0.4019232681765459	-3.6772224106725715	0.13573496946588337	-0.08120019452103687	-0.21693516398692023	-72677265.23043096	0.0	0.0	-0.5115532390518529
HOLX	1.27553772E10	Medical Instruments & Equipment	Healthcare	49.4	0.4972934973824	0.0634740656930727	0.41133055755953196	0.0693848231787726	0.022009874940261243	59.710447926996665	143.00699397730187	890.900065209755	0.6845591717981051	1.3018472028701533	1.0074809335468875	0.0588685189571855	1.8172884188250642	0.1353885154022095	-3.0260640169282977	0.06638869912284776	0.029639186926089172	-0.036749512196758594	-193601831.7505501	0.0	0.0	-2.0604708421377453
APHA	8.995433E8	Drug Manufacturers—Specialty & Generic	Healthcare	3.39	0.7573	0.3111664167482681	1.0962927897245962	0.010316298996924538	0.009645967000625415	22.583209155098775	-529.9735615341699	5325.8308516470315	0.17677361962591742	9.154561462753502	8.640399322743944	3.0353176926913124	2.395395860255568	9.286724134700385	1.4264352272925893	0.16235030170045425	0.010259764859169372	-0.15209053684128487	-194493369.28333578	nan	0.0	-4374.478715402577
TRUP	9.8898554E8	Insurance - Specialty	Financial Services	28.18	0.17280256012280001	-0.03353229850081489	0.2064301324365248	-0.11699789303231452	-0.07041031933619153	26.540442651356432	0.0	177.3809572942485	0.4411330639346224	1.9781999999476099	1.9781999999476099	0.27072076044107185	-0.20011460934682032	-0.18427221014848755	-1.9178266113664697	0.16676809080510355	-0.11078945772925627	-0.2775575485343599	-20951353.64540758	0.0	nan	-52.8486139631948
CSBR	9.2169496E7	Biotechnology	Healthcare	7.65	0.5492296105887999	-0.5865261874755452	1.5829850471903086	-110.94241844925833	-0.7863048690653431	48.40640739873476	0.0	226.3405075731132	0.8081735507100765	1.22149677922379	1.22149677922379	0.21157095285866356	-0.3286119175067428	-0.2893087539156628	-0.17043620494629455	0.11712580724355726	-17.516462054135065	-21.605084563645484	-4764847.875046706	0.0	0.0	-73.79993299959898
FLO	4.70093E9	Consumer Packaged Goods	Consumer Defensive	22.22	0.48173678282339993	0.04334213952444284	0.37438836303582984	0.13779113699388995	0.06190278564927726	25.067838260070143	19.585513258310563	246.53466899443893	0.5504545324199054	1.367280326072287	1.0704591383552604	0.010595107083602317	-0.06663040460282435	-0.05803632767790501	0.03986645356499437	0.0358158869720966	0.07886614897539573	0.043050262003299145	90980961.2279874	0.03243548132405473	0.7827981926091303	94.50529102393278
NBTB	1.3865152E9	Banks	Financial Services	31.81	1.0	0.3291169780137817	0.5517032358343624	0.09536772708083448	0.010263659815973053	21.277410058272103	nan	11209.949708162896	0.8927107274624921	1.5450211197342858	1.5450211197342858	0.04385209069229341	0.1074048273227369	0.10191530528093862	0.14783321362554874	0.04026602322827717	0.05365978594428168	0.013393762716004499	25220028.211235803	19.800069054008908	0.4495549116008549	232278.7820470343
IVZ	3.66657894E9	Asset Management	Financial Services	7.99	1.0	0.16925799187589555	0.776004298666525	0.10197637361345127	0.03004458643783741	41.30445020957576	nan	1923.8599734240956	0.6981477590969876	2.9041596038099593	2.9041596038099593	0.03807786508111588	-0.07908006568084255	-0.07406556803822148	-14.126018154857878	0.13482740375720978	0.0813112982565298	-0.05351610550067999	-660638254.0748012	0.04746956379233544	0.5838988589973617	21.241853258252604
MLR	3.33953056E8	Autos	Consumer Cyclical	29.28	0.1095954841228	0.03562807232006328	0.059625922172489965	0.10462657244643377	0.06676592896384984	79.1121109335631	49.0536394813776	185.0679299611632	0.3642289246614451	2.2431568483689226	1.5533962341293768	0.15632214011652373	0.3576517775860988	0.3280042833055258	-1.2877128036954375	0.1002277362435122	0.10126218911531477	0.0010344528718025797	854468.978961261	5.446393575822073	0.37232955980576243	6.996513632987406
